article1,article2,Est. J,Act. J
t980,t2023,1.0,0.9791666666666666
t1088,t5015,0.9,0.980544747081712
t1297,t4638,1.0,0.9806201550387597
t1768,t5248,1.0,0.9803149606299213
t1952,t3495,1.0,0.978448275862069
t2535,t8642,1.0,0.9810606060606061
t2839,t9303,1.0,0.9821428571428571
t2957,t7111,0.9,0.9816849816849816
t3268,t7998,1.0,0.9771689497716894
t3466,t7563,1.0,0.9813432835820896
